id;user_id;code;name;product_group_id;description;initial_quantity;unit;notes;created_at;barcode;is_serial_tracked;tracking_notes;die_material;warehouse_id
d99f0c01-541d-4572-85b3-69a9bf043bcc;d07dd345-8bff-4c4c-a71c-a6b161c4161d;P8425752338;Die G 350-2.5X40/30;8ec260a0-2dda-4f40-9cf8-3bcac8771317;;1;حلقه;;2026-05-18 06:04:59.101088+00;P8425752338;true;;X46Cr13;f9af13e0-c9b1-4458-8c0e-237a2f7ae153
a1fce1dd-28c8-47ee-bb9c-8df1b8a664cd;d07dd345-8bff-4c4c-a71c-a6b161c4161d;P8546196965;Die 420FEEDIRAN-4X50;8ec260a0-2dda-4f40-9cf8-3bcac8771317;;1;حلقه;;2026-05-18 06:25:42.338201+00;P8546196965;false;;X46Cr13;f9af13e0-c9b1-4458-8c0e-237a2f7ae153
3ab69b6c-871a-46dd-8753-d0c0828bff52;d07dd345-8bff-4c4c-a71c-a6b161c4161d;P0013055143;Die PTN 580/140-2X28/30;8ec260a0-2dda-4f40-9cf8-3bcac8771317;sn-548;1;حلقه;;2026-05-18 10:31:15.416413+00;P0013055143;false;;X46Cr13;f9af13e0-c9b1-4458-8c0e-237a2f7ae153
e43d44da-514d-468e-b9da-1a34a32a7413;d07dd345-8bff-4c4c-a71c-a6b161c4161d;P0002369085;Die PTN 580/140-1.5X38/22;8ec260a0-2dda-4f40-9cf8-3bcac8771317;;1;حلقه;;2026-05-18 10:28:03.141031+00;P0002369085;true;;X46Cr13;f9af13e0-c9b1-4458-8c0e-237a2f7ae153
ee3a4ffb-f13c-43b4-8163-d3645cf04dbd;d07dd345-8bff-4c4c-a71c-a6b161c4161d;P0027775617;Die PTN 580/140-2.2X40/26;8ec260a0-2dda-4f40-9cf8-3bcac8771317;;2;حلقه;;2026-05-18 10:32:35.498817+00;P0027775617;true;;X46Cr13;f9af13e0-c9b1-4458-8c0e-237a2f7ae153
98463d35-25de-402b-b549-87761b74a9e4;d07dd345-8bff-4c4c-a71c-a6b161c4161d;P0039999010;Die PTN 580/140-3X45/39;8ec260a0-2dda-4f40-9cf8-3bcac8771317;;2;حلقه;;2026-05-18 10:34:48.863151+00;P0039999010;true;;X46Cr13;f9af13e0-c9b1-4458-8c0e-237a2f7ae153
d0b6dc3f-9758-4c36-a218-27c9b310afa8;d07dd345-8bff-4c4c-a71c-a6b161c4161d;P0051168786;Die PTN 580/140-3X35/40;8ec260a0-2dda-4f40-9cf8-3bcac8771317;;1;حلقه;;2026-05-18 10:37:03.435101+00;P0051168786;true;;X46Cr13;f9af13e0-c9b1-4458-8c0e-237a2f7ae153
59f2ec15-012f-4c08-926e-7395282b7b46;d07dd345-8bff-4c4c-a71c-a6b161c4161d;P0073679214;Die PTN 580/140-3.5X48/38.5;8ec260a0-2dda-4f40-9cf8-3bcac8771317;;1;حلقه;;2026-05-18 10:39:43.846792+00;P0073679214;true;;X46Cr13;f9af13e0-c9b1-4458-8c0e-237a2f7ae153
135d43eb-ca12-4c81-8873-68d9279b9252;d07dd345-8bff-4c4c-a71c-a6b161c4161d;P0080782050;Die PTN 580/140-4.5X50/49.5;8ec260a0-2dda-4f40-9cf8-3bcac8771317;;1;حلقه;;2026-05-18 10:40:59.395771+00;P0080782050;true;;X46Cr13;f9af13e0-c9b1-4458-8c0e-237a2f7ae153
71f208b7-f915-4e12-928f-a8a2c4044e06;d07dd345-8bff-4c4c-a71c-a6b161c4161d;P9987373721;Die TPM 520/178-4X48/55;8ec260a0-2dda-4f40-9cf8-3bcac8771317;تاجور;1;حلقه;;2026-05-18 10:26:28.500772+00;P9987373721;true;;X46Cr13;5a0d6eb5-e542-4c33-ba26-f6353a842ed2
aecc1278-dae9-409d-beb0-6b9d70d060d7;d07dd345-8bff-4c4c-a71c-a6b161c4161d;P9664052621;Die YEMAK 520/178/222-3.5X46/46;8ec260a0-2dda-4f40-9cf8-3bcac8771317;;1;حلقه;;2026-05-18 09:31:35.027347+00;P9664052621;true;;X46Cr13;5a0d6eb5-e542-4c33-ba26-f6353a842ed2
4dcf423f-2f23-423b-9a52-266be9d063a3;d07dd345-8bff-4c4c-a71c-a6b161c4161d;P9635130754;Die YEMAK 520/178/222-3X48/45;8ec260a0-2dda-4f40-9cf8-3bcac8771317;;1;حلقه;;2026-05-18 09:26:56.08622+00;P9635130754;true;;X46Cr13;f9af13e0-c9b1-4458-8c0e-237a2f7ae153
c4ad66ec-54b7-4d88-ac37-ef163ee59e7e;d07dd345-8bff-4c4c-a71c-a6b161c4161d;P9627583424;Die YEMAK 520/178/222-2.5X30/38;8ec260a0-2dda-4f40-9cf8-3bcac8771317;;1;حلقه;;2026-05-18 09:25:18.954304+00;P9627583424;true;;X46Cr13;5a0d6eb5-e542-4c33-ba26-f6353a842ed2
96ca02f3-bea7-4789-b06e-85f7ad613a91;d07dd345-8bff-4c4c-a71c-a6b161c4161d;P9620344742;Die YEMAK 520/178/222-2.5X35;8ec260a0-2dda-4f40-9cf8-3bcac8771317;;1;حلقه;;2026-05-18 09:24:30.324296+00;P9620344742;false;;X46Cr13;f9af13e0-c9b1-4458-8c0e-237a2f7ae153
25b7180f-577f-4a4b-810e-702ae6618907;d07dd345-8bff-4c4c-a71c-a6b161c4161d;P9609227623;Die YEMAK 520/178/222-2.5X42/30;8ec260a0-2dda-4f40-9cf8-3bcac8771317;;1;حلقه;;2026-05-18 09:23:16.593864+00;P9609227623;true;;X46Cr13;f9af13e0-c9b1-4458-8c0e-237a2f7ae153
ce590bc4-de13-4cee-8dd1-de2f4ba9a09f;d07dd345-8bff-4c4c-a71c-a6b161c4161d;P9586547379;Die YEMAK 520/178/222-2X28/30;8ec260a0-2dda-4f40-9cf8-3bcac8771317;;1;حلقه;;2026-05-18 09:19:09.28878+00;P9586547379;true;;X46Cr13;f9af13e0-c9b1-4458-8c0e-237a2f7ae153
021a89ca-0b2c-477f-b55b-7e351dc4a0be;d07dd345-8bff-4c4c-a71c-a6b161c4161d;P0087318576;Die PTN 580/140-4.5X50/45;8ec260a0-2dda-4f40-9cf8-3bcac8771317;;1;حلقه;;2026-05-18 10:41:53.804029+00;P0087318576;true;;X46Cr13;5a0d6eb5-e542-4c33-ba26-f6353a842ed2
d632f925-ba69-49cc-9a1a-47caeeaae08d;d07dd345-8bff-4c4c-a71c-a6b161c4161d;P9541286368;Die SZLH 508-4.5X58/54;8ec260a0-2dda-4f40-9cf8-3bcac8771317;;1;حلقه;;2026-05-18 09:10:43.379474+00;P9541286368;true;;X46Cr13;f9af13e0-c9b1-4458-8c0e-237a2f7ae153
e460255d-9dbf-49ba-81e4-364d58d1bbf2;d07dd345-8bff-4c4c-a71c-a6b161c4161d;P8469155460;Die G 350-4X48/44;8ec260a0-2dda-4f40-9cf8-3bcac8771317;;1;حلقه;;2026-05-18 06:12:23.974074+00;P8469155460;true;;X46Cr13;f9af13e0-c9b1-4458-8c0e-237a2f7ae153
cb2f2f38-a609-4673-bf36-5caec0be3be4;d07dd345-8bff-4c4c-a71c-a6b161c4161d;P9531783386;Die SZLH 508-4.5X58/54;8ec260a0-2dda-4f40-9cf8-3bcac8771317;;1;حلقه;;2026-05-18 09:09:57.854027+00;P9531783386;true;;X46Cr13;5a0d6eb5-e542-4c33-ba26-f6353a842ed2
e939d2d0-42e4-4eb0-b5da-4fb332fa3277;d07dd345-8bff-4c4c-a71c-a6b161c4161d;P9213004138;Die SZLH 508-4X52/52;8ec260a0-2dda-4f40-9cf8-3bcac8771317;;1;حلقه;;2026-05-18 08:17:27.97228+00;P9213004138;true;روی پلت موجود در انبار مشهد بسته است;X46Cr13;5a0d6eb5-e542-4c33-ba26-f6353a842ed2
23493687-2387-42b6-99a0-f7e1310e14d7;d07dd345-8bff-4c4c-a71c-a6b161c4161d;P9201918924;Die SZLH 508-1.8X37/22;8ec260a0-2dda-4f40-9cf8-3bcac8771317;;1;حلقه;;2026-05-18 08:14:50.079602+00;P9201918924;true;;X46Cr13;5a0d6eb5-e542-4c33-ba26-f6353a842ed2
54d82c69-f316-4f1d-988e-a05da2fc32e2;d07dd345-8bff-4c4c-a71c-a6b161c4161d;P8597701190;Die SZLH 420D-2X35;8ec260a0-2dda-4f40-9cf8-3bcac8771317;;1;حلقه;;2026-05-18 06:34:00.617193+00;P8597701190;true;;X46Cr13;f9af13e0-c9b1-4458-8c0e-237a2f7ae153
e962eee3-ae6a-4cf5-9228-f82e81353e49;d07dd345-8bff-4c4c-a71c-a6b161c4161d;P8585462242;Die SZLH 420C-4;8ec260a0-2dda-4f40-9cf8-3bcac8771317;از صادقی گرفتیم;1;حلقه;;2026-05-18 06:31:44.984373+00;P8585462242;false;;X46Cr13;f9af13e0-c9b1-4458-8c0e-237a2f7ae153
9ae77e5a-7201-4b3d-8a2a-f3bd61569a3d;d07dd345-8bff-4c4c-a71c-a6b161c4161d;P9349028451;Die PTN 450-8X70;8ec260a0-2dda-4f40-9cf8-3bcac8771317;;1;حلقه;;2026-05-18 08:38:37.102998+00;P9349028451;true;;X46Cr13;f9af13e0-c9b1-4458-8c0e-237a2f7ae153
7055190d-35ae-4032-9e76-38e665ede272;d07dd345-8bff-4c4c-a71c-a6b161c4161d;P9341256194;Die PTN 450-8X70;8ec260a0-2dda-4f40-9cf8-3bcac8771317;;1;حلقه;;2026-05-18 08:38:01.766079+00;P9341256194;true;;X46Cr13;5a0d6eb5-e542-4c33-ba26-f6353a842ed2
5f2da6cd-e9a9-4e84-a1a8-c88eace5510a;d07dd345-8bff-4c4c-a71c-a6b161c4161d;P8557006810;Die SZLH 420C-4X52/52;8ec260a0-2dda-4f40-9cf8-3bcac8771317;روی پلت;1;حلقه;;2026-05-18 06:27:40.178369+00;P8557006810;true;;X46Cr13;5a0d6eb5-e542-4c33-ba26-f6353a842ed2
e0305f32-f306-4d0b-ac06-8f61e229f836;d07dd345-8bff-4c4c-a71c-a6b161c4161d;P8539924893;Die M 6-6X60;8ec260a0-2dda-4f40-9cf8-3bcac8771317;;1;حلقه;;2026-05-18 06:23:57.137156+00;P8539924893;false;;X46Cr13;f9af13e0-c9b1-4458-8c0e-237a2f7ae153
3a0a09a2-b60f-47ad-8c80-b7946a5fa3e6;d07dd345-8bff-4c4c-a71c-a6b161c4161d;P8519295421;Die M 6-4X48;8ec260a0-2dda-4f40-9cf8-3bcac8771317;;2;عدد;;2026-05-18 06:22:25.199203+00;P8519295421;true;;X46Cr13;f9af13e0-c9b1-4458-8c0e-237a2f7ae153
f22c5a63-6e76-4416-a00b-c7a628edcfe3;d07dd345-8bff-4c4c-a71c-a6b161c4161d;P8482294865;Die M 5-4X50;8ec260a0-2dda-4f40-9cf8-3bcac8771317;;1;حلقه;;2026-05-18 06:18:13.735325+00;P8482294865;false;;X46Cr13;f9af13e0-c9b1-4458-8c0e-237a2f7ae153
596e7536-c0b6-4a45-8d0f-9b400ebab0cf;d07dd345-8bff-4c4c-a71c-a6b161c4161d;P9550127151;Die SZLH 508-6X60;8ec260a0-2dda-4f40-9cf8-3bcac8771317;;1;حلقه;;2026-05-18 09:12:16.51398+00;P9550127151;true;;X46Cr13;5a0d6eb5-e542-4c33-ba26-f6353a842ed2
7f80d090-eb21-4c9d-a19b-92e222bf37b2;d07dd345-8bff-4c4c-a71c-a6b161c4161d;P8412106861;Die Khazar 350-6X60/60;8ec260a0-2dda-4f40-9cf8-3bcac8771317;;2;حلقه;;2026-05-18 06:03:01.284172+00;P8412106861;true;;X46Cr13;f9af13e0-c9b1-4458-8c0e-237a2f7ae153
7bf17dd0-847a-4188-984a-6c6739fa7730;d07dd345-8bff-4c4c-a71c-a6b161c4161d;P8390347745;Die Khazar 350-2X35;8ec260a0-2dda-4f40-9cf8-3bcac8771317;;1;حلقه;;2026-05-18 06:00:10.525715+00;P8390347745;true;;X46Cr13;f9af13e0-c9b1-4458-8c0e-237a2f7ae153
c33b5911-62e2-44ff-b024-ac4ac6a0c60d;d07dd345-8bff-4c4c-a71c-a6b161c4161d;P8341144965;Die SZLH 350-4X50;8ec260a0-2dda-4f40-9cf8-3bcac8771317;;1;حلقه;;2026-05-18 05:52:24.313909+00;P8341144965;true;;X46Cr13;f9af13e0-c9b1-4458-8c0e-237a2f7ae153
740f304e-400e-4083-9c17-d474972520d5;d07dd345-8bff-4c4c-a71c-a6b161c4161d;P8322244011;Die SZLH 350-3X40;8ec260a0-2dda-4f40-9cf8-3bcac8771317;;3;حلقه;;2026-05-18 05:48:32.217486+00;P8322244011;true;;20CrMnTi;f9af13e0-c9b1-4458-8c0e-237a2f7ae153
40059742-4767-469b-a3a2-8f02b3ca0c71;d07dd345-8bff-4c4c-a71c-a6b161c4161d;P2427462286;Die SZLH 350-1.8X35;8ec260a0-2dda-4f40-9cf8-3bcac8771317;کارکرده/ کرمی عودت داد;1;حلقه;;2026-05-17 13:33:12.105669+00;P2427462286;true;;20CrMnTi;f9af13e0-c9b1-4458-8c0e-237a2f7ae153
303a7cd4-35a2-408c-be52-e6dac3e0c279;d07dd345-8bff-4c4c-a71c-a6b161c4161d;P2409054314;Die SZLH 320-8X64;8ec260a0-2dda-4f40-9cf8-3bcac8771317;روی پلت/249;1;حلقه;;2026-05-17 13:22:56.842456+00;P2409054314;true;;X46Cr13;f9af13e0-c9b1-4458-8c0e-237a2f7ae153
12c11a5a-e8fc-4205-a88b-5b80e7de4328;d07dd345-8bff-4c4c-a71c-a6b161c4161d;P2250498833;Die SZLH 320-10X90;8ec260a0-2dda-4f40-9cf8-3bcac8771317;;1;حلقه;;2026-05-17 12:55:43.273712+00;P2250498833;true;;20CrMnTi;f9af13e0-c9b1-4458-8c0e-237a2f7ae153
985636bf-47ba-4fa3-b8c8-5f44f1532a52;d07dd345-8bff-4c4c-a71c-a6b161c4161d;P2245588760;Die SZLH 320-8X46;8ec260a0-2dda-4f40-9cf8-3bcac8771317;;1;حلقه;;2026-05-17 12:55:00.100903+00;P2245588760;true;;20CrMnTi;c640bbf5-21f4-42d1-9ce1-6240dadd2985
96ff6e6a-8e75-49f2-926a-29f5ce388c66;d07dd345-8bff-4c4c-a71c-a6b161c4161d;P2232940984;Die SZLH 320-3X35;8ec260a0-2dda-4f40-9cf8-3bcac8771317;;2;حلقه;;2026-05-17 12:53:51.237827+00;P2232940984;true;;20CrMnTi;f9af13e0-c9b1-4458-8c0e-237a2f7ae153
6996a358-4d9e-4136-8a9c-53c7597af266;d07dd345-8bff-4c4c-a71c-a6b161c4161d;P0163655634;Die SZLH 558-2.5X42/47;8ec260a0-2dda-4f40-9cf8-3bcac8771317;;2;حلقه;;2026-05-18 10:54:29.377546+00;P0163655634;true;;X46Cr13;5a0d6eb5-e542-4c33-ba26-f6353a842ed2
8ef7c39c-51a5-48e5-99f1-b7b675f3d48b;d07dd345-8bff-4c4c-a71c-a6b161c4161d;P0121574747;Die SZLH 558-3X50/40;8ec260a0-2dda-4f40-9cf8-3bcac8771317;;1;حلقه;;2026-05-18 10:47:34.898878+00;P0121574747;true;;X46Cr13;f9af13e0-c9b1-4458-8c0e-237a2f7ae153
d160a8b0-27ea-4f10-aa38-207ee52f3f03;d07dd345-8bff-4c4c-a71c-a6b161c4161d;P0116400233;Die SZLH 558-2X44/22;8ec260a0-2dda-4f40-9cf8-3bcac8771317;;1;حلقه;;2026-05-18 10:46:50.553165+00;P0116400233;true;;X46Cr13;f9af13e0-c9b1-4458-8c0e-237a2f7ae153
b0978cb2-15c7-4efb-ba77-e84d6965e275;d07dd345-8bff-4c4c-a71c-a6b161c4161d;P0108035421;Die PTN 580/186/256-2X38;8ec260a0-2dda-4f40-9cf8-3bcac8771317;;1;عدد;;2026-05-18 10:45:44.069494+00;P0108035421;true;;X46Cr13;f9af13e0-c9b1-4458-8c0e-237a2f7ae153
ca02d2c1-8c1c-4a77-881d-613501b20def;d07dd345-8bff-4c4c-a71c-a6b161c4161d;P0594241578;Roller Shell KHAZAR 350;d1353518-dc24-43de-b84d-ad8594bb010e;;8;عدد;;2026-05-18 12:06:07.503284+00;P0594241578;false;;20CrMnTi;5a0d6eb5-e542-4c33-ba26-f6353a842ed2
25a7f033-0db7-4b0d-9745-b05e19471780;d07dd345-8bff-4c4c-a71c-a6b161c4161d;P0643943562;Roller Shell PTN 580/265;d1353518-dc24-43de-b84d-ad8594bb010e;;29;عدد;;2026-05-18 12:14:25.847474+00;P0643943562;false;;20CrMnTi;f9af13e0-c9b1-4458-8c0e-237a2f7ae153
1a4ef553-3b39-444f-93d7-b4d2dde20fa6;d07dd345-8bff-4c4c-a71c-a6b161c4161d;P0507333251;Die YEMAK 660-3.5X50/45;8ec260a0-2dda-4f40-9cf8-3bcac8771317;;1;حلقه;;2026-05-18 11:51:57.927352+00;P0507333251;true;;X46Cr13;f9af13e0-c9b1-4458-8c0e-237a2f7ae153
8c9c8c36-6895-4678-baf3-09e571394ab4;d07dd345-8bff-4c4c-a71c-a6b161c4161d;P0638044961;Roller Shell PTN 580/265A;d1353518-dc24-43de-b84d-ad8594bb010e;;3;عدد;;2026-05-18 12:13:28.095345+00;P0638044961;false;;20CrMnTi;5a0d6eb5-e542-4c33-ba26-f6353a842ed2
d2638d71-0fee-4503-9f88-0a3b1596e126;d07dd345-8bff-4c4c-a71c-a6b161c4161d;P0597606152;Roller Shell SZLH 350;d1353518-dc24-43de-b84d-ad8594bb010e;;22;عدد;;2026-05-18 12:06:50.374899+00;P0597606152;false;;20CrMnTi;f9af13e0-c9b1-4458-8c0e-237a2f7ae153
4dc41d7e-079c-4915-9e3d-0a24af64367a;d07dd345-8bff-4c4c-a71c-a6b161c4161d;P0591228487;Roller Shell KHAZAR 350;d1353518-dc24-43de-b84d-ad8594bb010e;;1;عدد;;2026-05-18 12:05:32.132903+00;P0591228487;false;;20CrMnTi;f9af13e0-c9b1-4458-8c0e-237a2f7ae153
e2fcfc8a-fa21-4a3a-9279-685495d4005c;d07dd345-8bff-4c4c-a71c-a6b161c4161d;P0581890054;Roller Shell KHAZAR 350;d1353518-dc24-43de-b84d-ad8594bb010e;;1;عدد;;2026-05-18 12:04:22.810967+00;P0581890054;false;;20CrMnTi;c640bbf5-21f4-42d1-9ce1-6240dadd2985
4da24daf-bb2e-4e82-99d9-592b79b9dca6;d07dd345-8bff-4c4c-a71c-a6b161c4161d;P0574742546;Roller Shell G250;d1353518-dc24-43de-b84d-ad8594bb010e;;2;عدد;;2026-05-18 12:03:10.406263+00;P0574742546;false;;20CrMnTi;c640bbf5-21f4-42d1-9ce1-6240dadd2985
02476c4b-aa39-4b62-9119-90d1951186f7;d07dd345-8bff-4c4c-a71c-a6b161c4161d;P0543619331;Roller Shell SZLH 250;d1353518-dc24-43de-b84d-ad8594bb010e;;15;عدد;;2026-05-18 12:00:15.353581+00;P0543619331;false;;20CrMnTi;c640bbf5-21f4-42d1-9ce1-6240dadd2985
5960f1d1-e418-41e4-9c46-7c01d5dd110b;d07dd345-8bff-4c4c-a71c-a6b161c4161d;P2186049467;Die SZLH 250-4X48;8ec260a0-2dda-4f40-9cf8-3bcac8771317;;2;حلقه;;2026-05-17 12:47:09.460196+00;P2186049467;true;;20CrMnTi;f9af13e0-c9b1-4458-8c0e-237a2f7ae153
90e689fe-9048-4b36-92eb-7cea6683e4e6;d07dd345-8bff-4c4c-a71c-a6b161c4161d;P0488419319;Die MUNCH 660/178-3X45;8ec260a0-2dda-4f40-9cf8-3bcac8771317;;1;حلقه;;2026-05-18 11:48:26.334959+00;P0488419319;false;;X46Cr13;c640bbf5-21f4-42d1-9ce1-6240dadd2985
430ba5fc-4383-40cb-9b0c-9101a2958a70;d07dd345-8bff-4c4c-a71c-a6b161c4161d;P0525948654;Die PTN 700-4;8ec260a0-2dda-4f40-9cf8-3bcac8771317;;1;حلقه;;2026-05-18 11:55:01.030666+00;P0525948654;true;;X46Cr13;f9af13e0-c9b1-4458-8c0e-237a2f7ae153
d4bedb1e-0399-46bf-840c-f52130c27101;d07dd345-8bff-4c4c-a71c-a6b161c4161d;P8698955211;Die PTN 450 BIO-6X60;8ec260a0-2dda-4f40-9cf8-3bcac8771317;;1;حلقه;;2026-05-18 06:50:58.177871+00;P8698955211;false;;X46Cr13;f9af13e0-c9b1-4458-8c0e-237a2f7ae153
911b1c50-5e19-4c22-b029-5a64be023d68;d07dd345-8bff-4c4c-a71c-a6b161c4161d;P0094030647;Die PTN 580/178-4X50;8ec260a0-2dda-4f40-9cf8-3bcac8771317;;1;حلقه;;2026-05-18 10:43:18.206815+00;P0094030647;true;;;f9af13e0-c9b1-4458-8c0e-237a2f7ae153
fa6b6594-9a9c-4fb8-a425-94bb6166c687;d07dd345-8bff-4c4c-a71c-a6b161c4161d;P0102744098;Die PTN 580/178-6X60;8ec260a0-2dda-4f40-9cf8-3bcac8771317;;1;حلقه;;2026-05-18 10:44:24.418124+00;P0102744098;false;;X46Cr13;f9af13e0-c9b1-4458-8c0e-237a2f7ae153
1a9a43f1-e95c-42a6-b888-ee9d8c3ae163;d07dd345-8bff-4c4c-a71c-a6b161c4161d;P0625222119;Roller Shell PTN 450;d1353518-dc24-43de-b84d-ad8594bb010e;;3;عدد;;2026-05-18 12:11:31.818263+00;P0625222119;false;;20CrMnTi;c640bbf5-21f4-42d1-9ce1-6240dadd2985
a270246b-e166-43e4-a27a-d618165c4ea7;d07dd345-8bff-4c4c-a71c-a6b161c4161d;P0740749391;Roller Shell SZLH 420D;d1353518-dc24-43de-b84d-ad8594bb010e;;47;عدد;;2026-05-18 12:31:03.358808+00;P0740749391;false;;20CrMnTi;f9af13e0-c9b1-4458-8c0e-237a2f7ae153
f492e06f-ba5e-4767-8ce9-8c18171ecefc;d07dd345-8bff-4c4c-a71c-a6b161c4161d;P0500827719;Die YEMAK 660-2.5X45/30;8ec260a0-2dda-4f40-9cf8-3bcac8771317;;1;حلقه;;2026-05-18 11:51:05.126701+00;P0500827719;true;;X46Cr13;f9af13e0-c9b1-4458-8c0e-237a2f7ae153
d615b4c7-8604-441b-955e-5e8eeae11622;d07dd345-8bff-4c4c-a71c-a6b161c4161d;P0492883431;Die YEMAK 660-3X45;8ec260a0-2dda-4f40-9cf8-3bcac8771317;;1;حلقه;;2026-05-18 11:49:47.387606+00;P0492883431;true;;X46Cr13;f9af13e0-c9b1-4458-8c0e-237a2f7ae153
8bce82e6-d4ed-42e0-a4d1-0f708ae01663;d07dd345-8bff-4c4c-a71c-a6b161c4161d;P9649218675;Die YEMAK 520/178/222-3.5X45;8ec260a0-2dda-4f40-9cf8-3bcac8771317;دایی که به سفارش قاسمیان گنبد آوردیم سایز پیچش فرق میکنه;1;حلقه;;2026-05-18 09:30:26.034239+00;P9649218675;false;;X46Cr13;c640bbf5-21f4-42d1-9ce1-6240dadd2985
ffed69ad-2515-4d5f-ad07-9b2d1b045a5f;d07dd345-8bff-4c4c-a71c-a6b161c4161d;P0750407657;Roller Shell PTN 580/265A;d1353518-dc24-43de-b84d-ad8594bb010e;;3;عدد;;2026-05-18 12:32:15.554894+00;P0750407657;false;;20CrMnTi;c640bbf5-21f4-42d1-9ce1-6240dadd2985
d5479fbd-7939-4c57-a5cc-8c855025b760;d07dd345-8bff-4c4c-a71c-a6b161c4161d;P2213303154;Die SZLH 250-10X90;8ec260a0-2dda-4f40-9cf8-3bcac8771317;;1;حلقه;;2026-05-17 12:49:22.977142+00;P2213303154;true;;20CrMnTi;f9af13e0-c9b1-4458-8c0e-237a2f7ae153
2d36dd92-2e6e-41fe-a794-908a99e926d4;d07dd345-8bff-4c4c-a71c-a6b161c4161d;P0531181058;Die CPM 7000/558-4X50;8ec260a0-2dda-4f40-9cf8-3bcac8771317;;1;حلقه;;2026-05-18 11:56:34.346987+00;P0531181058;true;;X46Cr13;f9af13e0-c9b1-4458-8c0e-237a2f7ae153
30381932-23d8-4ace-b6ab-d23369cd82d5;d07dd345-8bff-4c4c-a71c-a6b161c4161d;P0518437583;Die PTN 700-2X24/42;8ec260a0-2dda-4f40-9cf8-3bcac8771317;;1;حلقه;;2026-05-18 11:53:56.903705+00;P0518437583;true;;X46Cr13;f9af13e0-c9b1-4458-8c0e-237a2f7ae153
629b0300-a1dd-4b35-9df1-5add1e0806e1;d07dd345-8bff-4c4c-a71c-a6b161c4161d;P0513578246;Die BUHLER 660-4X70;8ec260a0-2dda-4f40-9cf8-3bcac8771317;;1;حلقه;;2026-05-18 11:52:56.011722+00;P0513578246;false;;X46Cr13;5a0d6eb5-e542-4c33-ba26-f6353a842ed2
f18a5f43-05bb-4cd2-a945-c6a4f7403786;d07dd345-8bff-4c4c-a71c-a6b161c4161d;P0457228745;Die MUZLE 600-4X55;8ec260a0-2dda-4f40-9cf8-3bcac8771317;;3;حلقه;;2026-05-18 11:45:35.175597+00;P0457228745;true;;X46Cr13;f9af13e0-c9b1-4458-8c0e-237a2f7ae153
c4b00978-3866-4655-b296-dafe0d2f01ae;d07dd345-8bff-4c4c-a71c-a6b161c4161d;P0445242979;Die SZLH 558-80X75/70;8ec260a0-2dda-4f40-9cf8-3bcac8771317;;1;حلقه;;2026-05-18 11:42:26.223066+00;P0445242979;true;;X46Cr13;f9af13e0-c9b1-4458-8c0e-237a2f7ae153
3fb516f6-6714-4978-9c0c-a33d143ddaa9;d07dd345-8bff-4c4c-a71c-a6b161c4161d;P0284350250;Die SZLH 558-4X55/48;8ec260a0-2dda-4f40-9cf8-3bcac8771317;;1;حلقه;;2026-05-18 11:14:49.706115+00;P0284350250;true;;X46Cr13;f9af13e0-c9b1-4458-8c0e-237a2f7ae153
c7712a9e-6eb5-4a38-8ad5-79477f9a4425;d07dd345-8bff-4c4c-a71c-a6b161c4161d;P0276156277;Die SZLH 558-4X55/48;8ec260a0-2dda-4f40-9cf8-3bcac8771317;روی دستگاه پلت;1;حلقه;;2026-05-18 11:13:55.305947+00;P0276156277;true;;X46Cr13;5a0d6eb5-e542-4c33-ba26-f6353a842ed2
448b722c-fe89-4a6e-acee-32ce75a82a5a;d07dd345-8bff-4c4c-a71c-a6b161c4161d;P0181378750;Die SZLH 558-3.5X58/58;8ec260a0-2dda-4f40-9cf8-3bcac8771317;;3;حلقه;;2026-05-18 11:04:40.073405+00;P0181378750;true;رزرو قاسمیان;X46Cr13;f9af13e0-c9b1-4458-8c0e-237a2f7ae153
bd1c7b54-0074-4512-b980-7c6019b2b6da;d07dd345-8bff-4c4c-a71c-a6b161c4161d;P0169659949;Die SZLH 558-3.5X53/54;8ec260a0-2dda-4f40-9cf8-3bcac8771317;;3;حلقه;;2026-05-18 10:56:37.882378+00;P0169659949;true;1457-کار کرده است;X46Cr13;f9af13e0-c9b1-4458-8c0e-237a2f7ae153
9225a850-3e17-4b6a-a57f-baf94c4803ed;d07dd345-8bff-4c4c-a71c-a6b161c4161d;P0153679582;Die SZLH 558-3X/58/58;8ec260a0-2dda-4f40-9cf8-3bcac8771317;;1;حلقه;;2026-05-18 10:52:59.318019+00;P0153679582;true;;X46Cr13;5a0d6eb5-e542-4c33-ba26-f6353a842ed2
99e3a9e1-1a99-4a8b-9136-d60a35118e04;d07dd345-8bff-4c4c-a71c-a6b161c4161d;P0141301635;Die SZLH 558-2.5X45/30;8ec260a0-2dda-4f40-9cf8-3bcac8771317;;1;حلقه;;2026-05-18 10:50:59.082741+00;P0141301635;true;;X46Cr13;f9af13e0-c9b1-4458-8c0e-237a2f7ae153
4b8ea832-ebbc-4014-b7d2-98e4ff63595b;d07dd345-8bff-4c4c-a71c-a6b161c4161d;P0127407038;Die SZLH 558-3X50/55;8ec260a0-2dda-4f40-9cf8-3bcac8771317;;1;حلقه;;2026-05-18 10:49:58.872212+00;P0127407038;true;;X46Cr13;5a0d6eb5-e542-4c33-ba26-f6353a842ed2
e1f39120-8964-4954-8544-5370b21e9e0a;d07dd345-8bff-4c4c-a71c-a6b161c4161d;P8361745545;Die SZLH 350-3X45;8ec260a0-2dda-4f40-9cf8-3bcac8771317;;1;حلقه;;2026-05-18 05:58:05.455927+00;P8361745545;true;;X46Cr13;f9af13e0-c9b1-4458-8c0e-237a2f7ae153
24c03d72-0866-43ba-b248-372a825af199;d07dd345-8bff-4c4c-a71c-a6b161c4161d;P7675585153;PTN 580/285;d1353518-dc24-43de-b84d-ad8594bb010e;;3;عدد;;2026-05-19 07:48:17.686038+00;P7675585153;false;;20CrMnTi;5a0d6eb5-e542-4c33-ba26-f6353a842ed2
c9baa79d-b8b7-45c6-9b0d-0e54114e8059;d07dd345-8bff-4c4c-a71c-a6b161c4161d;P7702502540;Roller Shell SZLH 508 ;d1353518-dc24-43de-b84d-ad8594bb010e;;11;عدد;;2026-05-19 08:13:00.707339+00;P7702502540;false;;20CrMnTi;f9af13e0-c9b1-4458-8c0e-237a2f7ae153
7d6478c1-2a03-48f4-bb47-073c41001f75;d07dd345-8bff-4c4c-a71c-a6b161c4161d;P7696799964;Roller Shell SZLH 420C;d1353518-dc24-43de-b84d-ad8594bb010e;;3;عدد;;2026-05-19 07:50:14.240575+00;P7696799964;false;;20CrMnTi;5a0d6eb5-e542-4c33-ba26-f6353a842ed2
0ce23042-a62e-47b7-8013-df1fc039526e;d07dd345-8bff-4c4c-a71c-a6b161c4161d;P7844651172;Roller Shell SZLH 508 ;d1353518-dc24-43de-b84d-ad8594bb010e;40CrMti;4;عدد;;2026-05-19 08:14:45.310401+00;P7844651172;false;;;f9af13e0-c9b1-4458-8c0e-237a2f7ae153
104d1fb3-de9e-4569-9c92-65dc1009ea5a;d07dd345-8bff-4c4c-a71c-a6b161c4161d;P7856706750;Roller Shell PTN 580/295 ;d1353518-dc24-43de-b84d-ad8594bb010e;;4;عدد;;2026-05-19 08:20:51.815556+00;P7856706750;false;;20CrMnTi;f9af13e0-c9b1-4458-8c0e-237a2f7ae153
0dd8a9e3-ec74-4c96-b17c-46899cc3df88;d07dd345-8bff-4c4c-a71c-a6b161c4161d;P7941428552;Roller Shell PTN 700/190;d1353518-dc24-43de-b84d-ad8594bb010e;;18;عدد;;2026-05-19 08:31:12.229744+00;P7941428552;false;;20CrMnTi;f9af13e0-c9b1-4458-8c0e-237a2f7ae153
84bc459f-868d-458f-a57d-a9c56dc8c594;d07dd345-8bff-4c4c-a71c-a6b161c4161d;P7952471274;Roller Inner Parts SZLH 420;3270b463-b1f3-401c-9467-da8904a83833;;2;عدد;;2026-05-19 08:33:45.653024+00;P7952471274;false;;;5a0d6eb5-e542-4c33-ba26-f6353a842ed2
63caf486-51e3-4d41-9248-6c5daf5998f5;d07dd345-8bff-4c4c-a71c-a6b161c4161d;P7969540387;Roller Assembly SZLH 350 ;6c77d0ea-e258-4e05-9456-3f8c1f105830;;4;عدد;;2026-05-19 08:35:36.455224+00;P7969540387;false;;20CrMnTi;f9af13e0-c9b1-4458-8c0e-237a2f7ae153
656490e7-eabd-4cd1-976c-70d3ecb453dd;d07dd345-8bff-4c4c-a71c-a6b161c4161d;P8003670463;Roller Assembly PTN 580/265;6c77d0ea-e258-4e05-9456-3f8c1f105830;;1;عدد;;2026-05-19 08:41:30.849553+00;P8003670463;false;;20CrMnTi;c640bbf5-21f4-42d1-9ce1-6240dadd2985
cf28cb11-203c-4f0c-84dd-ed67da228dff;d07dd345-8bff-4c4c-a71c-a6b161c4161d;P8009208437;Roller Assembly PTN 580/265;6c77d0ea-e258-4e05-9456-3f8c1f105830;;1;عدد;;2026-05-19 08:41:51.309805+00;P8009208437;false;;20CrMnTi;f9af13e0-c9b1-4458-8c0e-237a2f7ae153
17da0def-efcf-422e-a2ef-0792020dffb7;d07dd345-8bff-4c4c-a71c-a6b161c4161d;P8014651716;Roller Assembly SZLH 508;6c77d0ea-e258-4e05-9456-3f8c1f105830;;1;عدد;;2026-05-19 08:43:18.482873+00;P8014651716;false;;20CrMnTi;5a0d6eb5-e542-4c33-ba26-f6353a842ed2
1cbf1ee4-41ba-438f-9cea-594187ceee16;d07dd345-8bff-4c4c-a71c-a6b161c4161d;P8022911464;Roller Assembly SZLH 558;6c77d0ea-e258-4e05-9456-3f8c1f105830;;4;عدد;;2026-05-19 08:51:06.661936+00;P8022911464;false;;20CrMnTi;f9af13e0-c9b1-4458-8c0e-237a2f7ae153
0751745c-da8a-4929-be7e-680be67477f2;d07dd345-8bff-4c4c-a71c-a6b161c4161d;P8100866864;Roller Assembly SZLH 420C;6c77d0ea-e258-4e05-9456-3f8c1f105830;40CrMti;4;عدد;;2026-05-19 08:57:55.127497+00;P8100866864;false;;;5a0d6eb5-e542-4c33-ba26-f6353a842ed2
c96bc782-981f-4d03-9c79-ffcdc7d3c322;d07dd345-8bff-4c4c-a71c-a6b161c4161d;P8113325556;Roller Assembly PTN 700/190;6c77d0ea-e258-4e05-9456-3f8c1f105830;;6;عدد;;2026-05-19 08:59:41.244283+00;P8113325556;false;;20CrMnTi;f9af13e0-c9b1-4458-8c0e-237a2f7ae153
a541df9d-9e7d-4714-a40f-49c65076f28d;d07dd345-8bff-4c4c-a71c-a6b161c4161d;P8120066475;Clamp SZLH 508;3270b463-b1f3-401c-9467-da8904a83833;;5;بسته;;2026-05-19 09:01:25.60778+00;P8120066475;false;;;5a0d6eb5-e542-4c33-ba26-f6353a842ed2
4fd8a70e-a18a-4d6e-9ae6-0dbd2bd4bb50;d07dd345-8bff-4c4c-a71c-a6b161c4161d;P8128684311;Clamp SZLH 350;3270b463-b1f3-401c-9467-da8904a83833;;1;بسته;;2026-05-19 09:01:54.699766+00;P8128684311;false;;;5a0d6eb5-e542-4c33-ba26-f6353a842ed2
91d0f349-d07d-48dd-8f57-41e618ee326f;d07dd345-8bff-4c4c-a71c-a6b161c4161d;P8133032023;Clamp SZLH 420;3270b463-b1f3-401c-9467-da8904a83833;;1;بسته;;2026-05-19 09:02:53.659714+00;P8133032023;false;;;5a0d6eb5-e542-4c33-ba26-f6353a842ed2
be28f78c-84d5-44fc-af30-73a08b6a6654;d07dd345-8bff-4c4c-a71c-a6b161c4161d;P8138344167;Clamp SZLH 420;3270b463-b1f3-401c-9467-da8904a83833;;1;بسته;;2026-05-19 09:03:18.082493+00;P8138344167;false;;;f9af13e0-c9b1-4458-8c0e-237a2f7ae153
32b97244-cf11-40e5-8e83-fbae877c74ed;d07dd345-8bff-4c4c-a71c-a6b161c4161d;P8146260644;Clamp SZLH 558;3270b463-b1f3-401c-9467-da8904a83833;;1;بسته;;2026-05-19 09:05:04.895876+00;P8146260644;false;;;f9af13e0-c9b1-4458-8c0e-237a2f7ae153
e283b8fb-592b-4206-a11e-7fdc90dd9422;d07dd345-8bff-4c4c-a71c-a6b161c4161d;P8151853578;Cutter SZLH 420;3270b463-b1f3-401c-9467-da8904a83833;;10;عدد;;2026-05-19 09:07:29.911545+00;P8151853578;false;;;5a0d6eb5-e542-4c33-ba26-f6353a842ed2
2deff705-971c-4261-b7d5-1657044e974a;d07dd345-8bff-4c4c-a71c-a6b161c4161d;P8167994640;Cutter SZLH 508;3270b463-b1f3-401c-9467-da8904a83833;;26;عدد;;2026-05-19 09:08:50.611884+00;P8167994640;false;;;5a0d6eb5-e542-4c33-ba26-f6353a842ed2
8d0598ad-d7d7-4e5e-996a-90e268801c26;d07dd345-8bff-4c4c-a71c-a6b161c4161d;P8174860492;Gear Box SZLH 420;3270b463-b1f3-401c-9467-da8904a83833;;1;عدد;;2026-05-19 09:09:41.996685+00;P8174860492;false;;;f9af13e0-c9b1-4458-8c0e-237a2f7ae153
3d5049d5-c0e5-4618-934b-b4fd66350fa2;d07dd345-8bff-4c4c-a71c-a6b161c4161d;P8179789159;Gear Box SZLH 508;3270b463-b1f3-401c-9467-da8904a83833;;2;عدد;;2026-05-19 09:10:16.829249+00;P8179789159;false;;;5a0d6eb5-e542-4c33-ba26-f6353a842ed2
c0987f37-8db5-4036-ab87-9c19818c1406;d07dd345-8bff-4c4c-a71c-a6b161c4161d;P8189526221;Conditioner SZLH 558;06927173-4650-4c09-b697-b37fd695a63f;;1;دستگاه;;2026-05-19 09:12:19.334411+00;P8189526221;false;;X46Cr13;5a0d6eb5-e542-4c33-ba26-f6353a842ed2
2666c8e0-2921-4ac3-ba60-22eec683c183;d07dd345-8bff-4c4c-a71c-a6b161c4161d;P8196980559;Feeder For Conditioner SZLH 558;06927173-4650-4c09-b697-b37fd695a63f;;1;دستگاه;;2026-05-19 09:15:29.520165+00;P8196980559;false;;X46Cr13;5a0d6eb5-e542-4c33-ba26-f6353a842ed2
ca662a3e-73ad-4421-8570-1ad1dd203b26;d07dd345-8bff-4c4c-a71c-a6b161c4161d;P8214922855;Main Shaft For SZLH 420;3270b463-b1f3-401c-9467-da8904a83833;;1;عدد;;2026-05-19 09:16:36.206824+00;P8214922855;false;;;5a0d6eb5-e542-4c33-ba26-f6353a842ed2
f9bf363a-2470-4ae4-9c49-6c01e6039876;d07dd345-8bff-4c4c-a71c-a6b161c4161d;P8220777422;Quill Shaft For SZLH 420;3270b463-b1f3-401c-9467-da8904a83833;;2;عدد;;2026-05-19 09:18:43.486534+00;P8220777422;false;;;f9af13e0-c9b1-4458-8c0e-237a2f7ae153
36c03dd0-47fb-4d0b-bba9-1f6f17334d68;d07dd345-8bff-4c4c-a71c-a6b161c4161d;P8279420322;Quill Shaft For SZLH 420;3270b463-b1f3-401c-9467-da8904a83833;;1;عدد;;2026-05-19 09:27:02.544173+00;P8279420322;false;;;5a0d6eb5-e542-4c33-ba26-f6353a842ed2
2ee6b034-7dde-4469-8f3a-a41484ff25ab;d07dd345-8bff-4c4c-a71c-a6b161c4161d;P8284670439;Quill Shaft For SZLH 508;3270b463-b1f3-401c-9467-da8904a83833;;1;عدد;;2026-05-19 09:28:04.413658+00;P8284670439;false;;;f9af13e0-c9b1-4458-8c0e-237a2f7ae153
acd742fa-fe03-46b4-a86e-e2e367670b23;d07dd345-8bff-4c4c-a71c-a6b161c4161d;P8289114655;Quill Shaft For SZLH 508;3270b463-b1f3-401c-9467-da8904a83833;;1;عدد;;2026-05-19 09:29:36.559177+00;P8289114655;false;;;5a0d6eb5-e542-4c33-ba26-f6353a842ed2
afa60412-468f-4d72-a68d-09c642560c9d;d07dd345-8bff-4c4c-a71c-a6b161c4161d;P8300670958;Main Shaft For SZLH 508;3270b463-b1f3-401c-9467-da8904a83833;;1;عدد;;2026-05-19 09:30:30.454957+00;P8300670958;false;;;5a0d6eb5-e542-4c33-ba26-f6353a842ed2
65224930-4b2d-4dc4-bfb3-e15ea2e5a99d;d07dd345-8bff-4c4c-a71c-a6b161c4161d;P8313345226;عینکی 508;3270b463-b1f3-401c-9467-da8904a83833;;1;عدد;;2026-05-19 09:33:12.430803+00;P8313345226;false;;;f9af13e0-c9b1-4458-8c0e-237a2f7ae153
a3ff72e0-e161-44c4-865b-41f571eef045;d07dd345-8bff-4c4c-a71c-a6b161c4161d;P8320042951;عینکی 420;3270b463-b1f3-401c-9467-da8904a83833;;1;عدد;;2026-05-19 09:33:55.845952+00;P8320042951;false;;;5a0d6eb5-e542-4c33-ba26-f6353a842ed2
cc7f0309-4c51-4706-99dc-368ce50eede9;d07dd345-8bff-4c4c-a71c-a6b161c4161d;P8324961342;Pin For SZLH 508;3270b463-b1f3-401c-9467-da8904a83833;;73;عدد;;2026-05-19 09:35:41.811566+00;P8324961342;false;;;f9af13e0-c9b1-4458-8c0e-237a2f7ae153
cbc2bfbe-72e3-4003-bfce-6d15011ce785;d07dd345-8bff-4c4c-a71c-a6b161c4161d;P8334827034;Pin For SZLH 508;3270b463-b1f3-401c-9467-da8904a83833;;70;عدد;;2026-05-19 09:36:24.10618+00;P8334827034;false;;;5a0d6eb5-e542-4c33-ba26-f6353a842ed2
0ac9ce76-e494-4131-bac8-f6a85ba11fa2;d07dd345-8bff-4c4c-a71c-a6b161c4161d;P8339785168;Pin For SZLH 420;3270b463-b1f3-401c-9467-da8904a83833;;20;عدد;;2026-05-19 09:36:51.247337+00;P8339785168;false;;;5a0d6eb5-e542-4c33-ba26-f6353a842ed2
5e514626-a572-4d12-a4b4-d81b50c1ad8f;d07dd345-8bff-4c4c-a71c-a6b161c4161d;P8342152597;Pin For SZLH 420;3270b463-b1f3-401c-9467-da8904a83833;;16;عدد;;2026-05-19 09:37:16.984268+00;P8342152597;false;;;f9af13e0-c9b1-4458-8c0e-237a2f7ae153
f6a31d94-467a-4984-892f-d1b686cf2257;d07dd345-8bff-4c4c-a71c-a6b161c4161d;P8344723181;درب قابلمه ای 420;3270b463-b1f3-401c-9467-da8904a83833;;4;عدد;;2026-05-19 09:38:53.826826+00;P8344723181;false;;;f9af13e0-c9b1-4458-8c0e-237a2f7ae153
067494ff-4be7-4b3d-b44d-440363a0c48a;d07dd345-8bff-4c4c-a71c-a6b161c4161d;P8355806136;درب قابلمه ای 508;3270b463-b1f3-401c-9467-da8904a83833;;3;عدد;;2026-05-19 09:39:42.128853+00;P8355806136;false;;;5a0d6eb5-e542-4c33-ba26-f6353a842ed2
15b381e0-a23b-4280-9f35-f09711d5fd81;d07dd345-8bff-4c4c-a71c-a6b161c4161d;P8367141560;Gear Wheel For SZLH 508;3270b463-b1f3-401c-9467-da8904a83833;;1;عدد;;2026-05-19 09:42:15.01118+00;P8367141560;false;;;f9af13e0-c9b1-4458-8c0e-237a2f7ae153
2f8be6e0-7492-4e1d-90e7-a7ced5160ef2;d07dd345-8bff-4c4c-a71c-a6b161c4161d;P8363964648;Gear Wheel For SZLH 420;3270b463-b1f3-401c-9467-da8904a83833;;1;عدد;;2026-05-19 09:40:55.73126+00;P8363964648;false;;;5a0d6eb5-e542-4c33-ba26-f6353a842ed2
6b722d1d-f7ff-4b9d-b286-8961b6919970;d07dd345-8bff-4c4c-a71c-a6b161c4161d;P8358677980;Gear Wheel For SZLH 420;3270b463-b1f3-401c-9467-da8904a83833;;1;عدد;;2026-05-19 09:40:36.940301+00;P8358677980;false;;;f9af13e0-c9b1-4458-8c0e-237a2f7ae153
fa5fcea1-87d6-4586-9096-d2a7ba21f063;d07dd345-8bff-4c4c-a71c-a6b161c4161d;P8378252925;Gear Wheel For SZLH 508;3270b463-b1f3-401c-9467-da8904a83833;;1;عدد;;2026-05-19 09:43:26.299601+00;P8378252925;false;;;5a0d6eb5-e542-4c33-ba26-f6353a842ed2
1abb2cee-0122-42c4-931e-e3e10b64b250;d07dd345-8bff-4c4c-a71c-a6b161c4161d;P8404815168;Roller Adjusting Gear For SZLH 508;3270b463-b1f3-401c-9467-da8904a83833;;10;عدد;;2026-05-19 09:48:06.196167+00;P8404815168;false;;;f9af13e0-c9b1-4458-8c0e-237a2f7ae153
af4961ec-7576-4e16-9413-67d9a96e33d0;d07dd345-8bff-4c4c-a71c-a6b161c4161d;P8411545612;RTB For SZLH 508;06927173-4650-4c09-b697-b37fd695a63f;;1;دستگاه;;2026-05-19 09:49:07.50257+00;P8411545612;false;;X46Cr13;5a0d6eb5-e542-4c33-ba26-f6353a842ed2
9c3284bb-1266-4c63-98fe-e4627d8e0374;d07dd345-8bff-4c4c-a71c-a6b161c4161d;P8415314712;Coupling For SZLH 508;3270b463-b1f3-401c-9467-da8904a83833;;1;عدد;;2026-05-19 09:50:54.750419+00;P8415314712;false;;;f9af13e0-c9b1-4458-8c0e-237a2f7ae153